System;Link;Star/Planet;Discovery;Spectral Type;Distance [pc];Mass Ratio;a_binary [au];e_sec;Number of Planets;Planet Motion Type;m1 [m_sun];m2  [m_sun];Comments;Minimum Mass [M_J];Semi-major axis [au];Orbital Period [d];Eccentricity;Argument of Perihelion [deg];Radius [R_J];Inclination [deg];Detection Method
HAT-P-4 b / TYC 2569-744-1;https://academic.oup.com/mnras/article/439/1/1063/1749653;0;2007/2014;G0V / G2V;310.00;;28446.0;;1;S;1.24;1.17;;;;;;;;;
HAT-P-4 b;https://academic.oup.com/mnras/article/439/1/1063/1749654;1;2007/2014;;;;;;;;;;;0.68;0.0446;3.0565;0.00;;1.27;89.67;transit
CoRoT-7 Abc B;http://exoplanet.eu/catalog/corot-7_b/;0;2009/2019;KoV / ?;250.00;;12160.0;;2;S;0.93;;Fontanive. C. & Bardalez Gagliuffi. D. 2021 FrASS;;;;;;;;
CoRoT-7 b;http://exoplanet.eu/catalog/corot-7_b/;1;2009;;;;;;;;;;;0.0149;0.0172;0.853585;0.12;;0.136;80.1;transit
CoRoT-7 c;http://exoplanet.eu/catalog/corot-7_c/;1;2009;;;;;;;;;;;0.04266;0.046;3.698;0.12;;;;radial velocity
HD 38529 Abc B;http://exoplanet.eu/catalog/hd_38529_b/;0;2000-2002;G4VI / M3.0V;40.00;0.169;12042.0;;2;S;1.48;0.3;Debris disk (>86 AU);;;;;;;;
HD 38529 b;http://exoplanet.eu/catalog/hd_38529_b/;1;2000;;;;;;;;;;;0.87;0.131;14.31;0.25;95.9;;57.0;radial velocity
HD 38529 c;http://exoplanet.eu/catalog/hd_38529_c/;1;2002;;;;;;;;;;;17.7;3.695;2134.76;0.36;22.52;;48.3;radial velocity
WASP-29 Ab B;http://exoplanet.eu/catalog/wasp-29_b/;0;2010-2021;K4V / M3;80.00;0.317;10994.0;;1;S;0.82;0.38;Fontanive. C. & Bardalez Gagliuffi. D. 2021 FrASS;;;;;;;;
WASP-29 b;http://exoplanet.eu/catalog/wasp-29_b/;1;2010;;;;;;;;;;;0.2429;0.046;3.923;0.03;;0.841;88.8;transit
WASP-59 Ab B;http://exoplanet.eu/catalog/wasp-59_b/;0;2011-2021;K5V / K7;125.00;0.463;9512.0;;1;S;0.72;0.62;Fontanive. C. & Bardalez Gagliuffi. D. 2021 FrASS;;;;;;;;
WASP-59 b;http://exoplanet.eu/catalog/wasp-59_b/;1;2011;;;;;;;;;;;0.70;;7.900;;;0.900;;transit
HD 20782 b / HD 20781 bc;http://exoplanet.eu/catalog/hd_20782_b/;0;2006;G2V / K0V;36.02;0.457;9080.0;0.240;3;S;1.0;0.84;;;;;;;;;
HD 20782 b;http://exoplanet.eu/catalog/hd_20782_b/;1;2006;;;;;;;;;;;1.9;1.381;591.9;0.97;147.7;;;radial velocity
HD 20781 b;http://exoplanet.eu/catalog/hd_20781_b/;1;2011;;;;;;;;;;;0.038;0.169;29.15;0.11;;;;radial velocity
HD 20781 c;http://exoplanet.eu/catalog/hd_20781_c/;1;2011;;;;;;;;;;;0.05;0.3456;85.13;0.28;;;;radial velocity
HIP 70849 Ab B;http://exoplanet.eu/catalog/hip_70849_b/;0;2009;K7V / T4.5;24.00;0.074;9000.0;;1;S;0.63;0.05;;;;;;;;;
HIP 70849 b ;http://exoplanet.eu/catalog/hip_70849_b/;1;2009;;;;;;;;;;;9.0;10.0;10000.0;0.6;;;;radial velocity
HIP 73990 Abc B / HD 133803;http://exoplanet.eu/catalog/hip_73990_b/;0;2015-2021;F2IV / M2;125.00;0.225;5234.0;;2;S;1.72;0.5;Fontanive. C. & Bardalez Gagliuffi. D. 2021 FrASS;;;;;;;;
HIP 73990 b;http://exoplanet.eu/catalog/hip_73990_b/;1;2015;;;;;;;;;;;21.0;20.0;;;;;;imaging
HIP 73990 c;http://exoplanet.eu/catalog/hip_73990_c/;1;2015;;;;;;;;;;;22.0;32.0;;;;;;imaging
HD 125612 Ab-d B;http://exoplanet.eu/catalog/hd_125612_b/;0;2007-2009;G3V / M4;52.82;0.143;4759.0;0.000;3;S;1.1;0.184;;;;;;;;;
HD 125612 b;http://exoplanet.eu/catalog/hd_125612_b/;1;2007;;;;;;;;;;;3.0;1.37;502.0;0.46;41.5;;;radial velocity
HD 125612 c;http://exoplanet.eu/catalog/hd_125612_c/;1;2009;;;;;;;;;;;0.058;0.05;4.1547;0.27;103.0;;;radial velocity
HD 125612 d;http://exoplanet.eu/catalog/hd_125612_d/;1;2009;;;;;;;;;;;7.2;4.2;3008.0;0.28;284.0;;;radial velocity
HD 222582 AB;http://exoplanet.eu/catalog/hd_222582_b/;0;1999;G5 / M3?;42.00;0.233;4746.0;;1;S;0.99;0.3;secondary (red dwarf);;;;;;;;
HD 222582 b;http://exoplanet.eu/catalog/hd_222582_b/;1;1999;;;;;;;;;;;7.75;1.35;572.38;0.725;319.01;;;radial velocity
XO-2 Sbc Nb;http://exoplanet.eu/catalog/xo-2s_b/;0;2007-2014;K0 / K0 V;150.00;0.500;4600.0;;3;S;0.98;0.98;XO-2S b;;;;;;;;
XO-2N b;http://exoplanet.eu/catalog/xo-2n_b/;1;2007;;;;;;;;;;;0.62;0.0369;2.6158;0.045;;0.973;88.7;transit
XO-2S b;http://exoplanet.eu/catalog/xo-2s_b/;1;2014;;;;;;;;;;;0.259;0.1344;18.157;0.18;311.9;;;radial velocity
XO-2S c;http://exoplanet.eu/catalog/xo-2s_c/;1;2014;;;;;;;;;;;1.37;0.4756;120.8;0.153;264.5;;;radial velocity
HD 147513 Ab B;http://exoplanet.eu/catalog/hd_147513_b/;0;2003;G3-G5V / DA2 VII;12.90;0.414;4451.0;;1;S;0.92;0.65;HD147513 B w. dwarf;;;;;;;;
HD 147513 b;http://exoplanet.eu/catalog/hd_147513_b/;1;2003;;;;;;;;;;;1.21;1.32;528.4;0.26;282.0;;;radial velocity
HD 213240 Ab C;http://exoplanet.eu/catalog/hd_213240_b/;0;2001;G0V / M;40.75;0.107;3898.0;;1;S;1.22;0.146;;;;;;;;;
HD 213240 b;http://exoplanet.eu/catalog/hd_213240_b/;1;2001;;;;;;;;;;;4.5;2.03;951.0;0.45;214.0;;;radial velocity
TOI-132 Ab B;http://exoplanet.eu/catalog/toi-132_b/;0;2019-2021;G8V / M4;164.47;;3231.0;;1;S;0.97;0.17;Fontanive. C. & Bardalez Gagliuffi. D. 2021 FrASS;;;;;;;;
TOI-132 b;http://exoplanet.eu/catalog/toi-132_b/;1;2019;;;;;;;;;;;0.0718;0.026;2.110;0.087;125.47;0.3060;84.630;transit
HD 13167 Ab B;http://exoplanet.eu/catalog/hd_13167_b/;0;2018-2021;G3V / M4;149.60;0.135;3001.0;;1;S;1.35;0.21;Fontanive. C. & Bardalez Gagliuffi. D. 2021 FrASS;;;;;;;;
HD 13167 b;http://exoplanet.eu/catalog/hd_13167_b/;1;2018;;;;;;;;;;;3.31;4.10;2613.0;0.563;265.0;1.1670;;radial velocity
K2-228 Ab B;http://exoplanet.eu/catalog/k2-228_b/;0;2018-2021;K6 / G3;142.40;0.397;2933.0;;1;S;0.71;1.08;Fontanive. C. & Bardalez Gagliuffi. D. 2021 FrASS;;;;;;;;
K2-228 b;http://exoplanet.eu/catalog/k2-228_b/;1;2018;;;;;;;;;;;;0.03;2.6983;;;0.1080;;transit
HD 190360 (Gl 777 Abc B);http://exoplanet.eu/catalog/hd_190360_b/;0;2003-2005;G6IV / M4.5V;15.89;0.161;2846.0;;2;S;1.04;0.2;secondary (red dwarf);;;;;;;;
HD 190360 b (Gl 777 Ab);http://exoplanet.eu/catalog/hd_190360_b/;1;2003;;;;;;;;;;;1.502;3.92;2891.0;0.36;12.4;;;radial velocity
HD 190360 c (Gl 777 Ac);http://exoplanet.eu/catalog/hd_190360_c/;1;2005;;;;;;;;;;;0.057;0.128;17.1;0.01;153.7;;;radial velocity
WASP-94 Ab Bb;http://www.openexoplanetcatalogue.com/planet/WASP-94%20A%20b/;0;2014;F8 / F9;180.00;0.490;2700.0;;2;S;1.29;1.24;system with planets on both stars;;;;;;;;
WASP-94 Ab;http://www.openexoplanetcatalogue.com/planet/WASP-94%20A%20b/;1;2014;;;;;;;;;;;0.45;0.055;3.95;0.13;;1.72;;transit
WASP-94 Bb;http://www.openexoplanetcatalogue.com/planet/WASP-94%20A%20b/;1;2014;;;;;;;;;;;0.618;0.0335;2.008;;;;;radial velocity
HD 89744 Abc B;http://exoplanet.eu/catalog/hd_89744_b/;0;2000/2013;F7V / L0V;40.00;0.054;2456.0;;2;S;1.40;0.08;2nd. (heavy brown dwarf);;;;;;;;
HD 89744 b;http://exoplanet.eu/catalog/hd_89744_b/;1;2000;;;;;;;;;;;7.2;0.88;256.0;0.7;195.0;;54.0;radial velocity
HD 89744 c;http://exoplanet.eu/catalog/hd_89744_c/;1;2013;;;;;;;;;;;3.2;0.44;85.2;;0.0;;;radial velocity
TOI-421 Abc B;http://exoplanet.eu/catalog/toi-421_b/;0;2020;G9V / M ;74.94;;2200.0;;2;S;0.852;;;;;;;;;;
TOI-421 b;http://exoplanet.eu/catalog/toi-421_b/;1;2020;;;;;;;;;;;0.05107;0.1182;16.06815;;;0.4612;88.300;transit
TOI-421 c;http://exoplanet.eu/catalog/toi-421_c/;1;2020;;;;;;;;;;;0.02218;0.0557;5.19676;;;0.2427;85.600;transit
HD 101930 Aa B;http://exoplanet.eu/catalog/hd_101930_b/;0;2005;K1V / M0-1;30.49;0.474;2200.0;;1;S;0.74;0.67;;;;;;;;;
HD 101930 b;http://exoplanet.eu/catalog/hd_101930_b/;1;2005;;;;;;;;;;;0.3;0.302;70.46;0.11;251.0;;;radial velocity
L2 Pup Ab + B;http://exoplanet.eu/catalog/l2_pup_b/;0;2016-2021;M5IIIe / M5;64.00;0.233;1998.0;;1;S;0.66;0.20;Fontanive. C. & Bardalez Gagliuffi. D. 2021 FrASS;;;;;;;;
L2 Pup b;http://exoplanet.eu/catalog/l2_pup_b/;1;2016;;;;;;;;;;;12.0;2.000;;;;;;imaging
HAT-P-1b (ADS16402 BbA);http://exoplanet.eu/catalog/hat-p-1_b/;0;2006;G0V / G0V;139.00;;1550.0;;1;S;1.12;1.16;;;;;;;;;
HAT-P-1 b;http://exoplanet.eu/catalog/hat-p-1_b/;1;2006;;;;;;;;;;;0.524;0.0554;4.4653;0.067;0.0;1.217;86.28;transit
Kepler-68;http://exoplanet.eu/catalog/kepler-68_b/;0;2013;G / ?;135.00;0.139;1450.0;;3;S;1.08;0.18;circumstellar disc;;;;;;;;
Kepler-68 b;http://exoplanet.eu/catalog/kepler-68_b/;1;2013;;;;;;;;;;;0.019;0.0617;5.3988;0.020;;0.206;87.60;transit
Kepler-68 c;http://exoplanet.eu/catalog/kepler-68_c/;1;2013;;;;;;;;;;;0.007;0.0906;9.6050;0.420;;0.083;89.93;transit
Kepler-68 d;http://exoplanet.eu/catalog/kepler-68_d/;1;2013;;;;;;;;;;;0.840;1.4000;625.0;0.180;;;;radial velocity
HD 80606b / HD 80607;http://exoplanet.eu/catalog/hd_80606_b/;0;2001;G5V / G5V;58.40;0.500;1200.0;0.500;1;S;0.98;0.98;e_planet >>.because of the second star;;;;;;;;
HD 80606 b;http://exoplanet.eu/catalog/hd_80606_b/;1;2001;;;;;;;;;;;3.94;0.449;111.4364;0.934;300.65;0.921;89.285;transit
55 Cnc Ab-f B;http://exoplanet.eu/catalog/55_cnc_b/;0;1996-2007;G8V / M3.5-4V;13.02;0.120;1050.0;;5;S;0.95;0.13;;;;;;;;;
55 Cnc b;http://exoplanet.eu/catalog/55_cnc_b/;1;1996;;;;;;;;;;;0.8;0.1134;14.6510;0.016;164;;;radial velocity
55 Cnc c;http://exoplanet.eu/catalog/55_cnc_c/;1;2002;;;;;;;;;;;0.169;0.2403;44.3446;0.053;57.4;;;radial velocity
55 Cnc d;http://exoplanet.eu/catalog/55_cnc_d/;1;2002;;;;;;;;;;;3.835;5.76;5218.0;0.025;181.3;;53.0;radial velocity
55 Cnc e;http://exoplanet.eu/catalog/55_cnc_e/;1;2004;;;;;;;;;;;0.026;0.0156;0.7365;0.06;170.0;0.194;81.0;transit
55 Cnc f;http://exoplanet.eu/catalog/55_cnc_f/;1;2007;;;;;;;;;;;0.144;0.781;260.7;0.0;205.0;;;radial velocity
HD 11964 Abc B   (GJ 81.1 A);http://exoplanet.eu/catalog/hd_11964_b/;0;2005;G5 / K4;33.98;0.382;1010.0;;2;S;1.08;0.67;;;;;;;;;
HD 11964 b;http://exoplanet.eu/catalog/hd_11964_b/;1;2005;;;;;;;;;;;0.622;3.16;1945.0;0.041;155.0;;;radial velocity
HD 11964 c;http://exoplanet.eu/catalog/hd_11964_c/;1;2005;;;;;;;;;;;0.079;0.229;37.91;0.3;102.0;;;radial velocity
WASP-189 Ab B;http://exoplanet.eu/catalog/wasp-189_b/;0;2018-2021;A4V-A5IV / M2;99.00;0.192;942.0;;1;S;1.89;0.45;Fontanive. C. & Bardalez Gagliuffi. D. 2021 FrASS;;;;;;;;
WASP-189 b;http://exoplanet.eu/catalog/wasp-189_b/;1;2018;;;;;;;;;;;1.990;0.0505;2.7240;0.0;;1.6190;84.03;transit
WASP-70 Ab B;http://exoplanet.eu/catalog/wasp-70a_b/;0;2011;G4 / K3;245.00;0.419;810.0;;1;S;1.11;0.8;;;;;;;;;
WASP-70 b;http://exoplanet.eu/catalog/wasp-70a_b/;1;2011;;;;;;;;;;;0.59;0.0485;3.713;0.0;;1.164;87.12;transit / rad. vel.
K2-29 Ab B / WASP-152 b;http://exoplanet.eu/catalog/k2-29_b/;0;2016;G7V / K5V;185.00;;800.0;;1;S;0.94;;young sys. 450 Myrs;;;;;;;;
K2-29 b / WASP-152 b;http://exoplanet.eu/catalog/k2-29_b/;1;2016;;;;;;;;;;;0.73;0.0422;3.259;0.066;132.0;1.190;86.66;transit
GJ 676 Abcde B;http://exoplanet.eu/catalog/gj_676_a_b/;0;2009 / 2012;M0V / M3.5V;16.45;0.193;800.0;;4;S;0.71;0.17;GJ 676 Ab-e;;;;;;;;
GJ 676 b;http://exoplanet.eu/catalog/gj_676_a_b/;1;2009;;;;;;;;;;;4.95;1.8;1050.3;0.328;86.9;;;radial velocity
GJ 676 c;http://exoplanet.eu/catalog/gj_676_a_c/;1;2012;;;;;;;;;;;3;5.2;4400.0;0.2;356.0;;;radial velocity
GJ 676 d;http://exoplanet.eu/catalog/gj_676_a_d/;1;2012;;;;;;;;;;;0.014;0.0413;3.6;0.15;315.0;;;radial velocity
GJ 676 e;http://exoplanet.eu/catalog/gj_676_a_e/;1;2012;;;;;;;;;;;0.036;0.187;35.37;0.24;332.0;;;radial velocity
HD 142022 Ab B;http://exoplanet.eu/catalog/hd_142022_a_b/;0;2005;K0V / ?;35.87;0.377;794.0;;1;S;0.99;0.60;;;;;;;;;
HD 142022 b;http://exoplanet.eu/catalog/hd_142022_a_b/;1;2005;;;;;;;;;;;5.1;3.03;1928.0;0.53;0.53;;10.0;radial velocity
Kepler-432 Ab B;http://exoplanet.eu/catalog/kepler-432_b/;0;2014;K2III / M?;874.00;;760.0;;1;S;1.35;;very dense planet. faint second star;;;;;;;;
Kepler-432 b;http://exoplanet.eu/catalog/kepler-432_b/;1;2014;;;;;;;;;;;5.41;0.301;52.5011;0.512;65.6;1.45;88.17;transit / rad. vel.
TrES-4 Ab C;http://exoplanet.eu/catalog/tres-4_/;0;2007;F8 / K?;479.00;0.333;750.0;;1;S;1.18;0.59;;;;;;;;;
TrES-4 b ;http://exoplanet.eu/catalog/tres-4_/;1;2007;;;;;;;;;;;0.917;0.0508;3.5539;0.0;;1.706;82.81;transit
Ups And Ab-e B;http://exoplanet.eu/catalog/ups_and_b/;0;1996-2010;F8V / M4.5V;13.47;0.130;702.0;;4;S;1.27;0.19;;;;;;;;;
Ups And b;http://exoplanet.eu/catalog/ups_and_b/;1;1996;;;;;;;;;;;0.62;0.059;4.6171;0.013;51.0;;30.0;radial velocity
Ups And c;http://exoplanet.eu/catalog/ups_and_c/;1;1999;;;;;;;;;;;1.8;0.861;237.7;0.24;250.0;;8.0;radial velocity
Ups And d;http://exoplanet.eu/catalog/ups_and_d/;1;1999;;;;;;;;;;;10.19;2.55;1302.61;0.274;240.8;;24.0;radial velocity
Ups And e;http://exoplanet.eu/catalog/ups_and_e/;1;2010;;;;;;;;;;;1.059;5.2456;3848.86;0.005;7.3;;;radial velocity
HD 147379 b / EW Draconis;http://exoplanet.eu/catalog/hd_147379_b/;0;2018;M1V / M3V;10.74;0.408;690.0;;1;S;0.58;0.40;separation of 1.07 arcmin;;;;;;;;
HD 147379 b;http://exoplanet.eu/catalog/hd_147379_b/;1;2018;;;;;;;;;;;0.0777;0.3193;86.54;0.010;93.0;;;radial velocity
HD 188015 Ab B;http://exoplanet.eu/catalog/hd_188015_b/;0;2004;G5IV / ?;52.60;0.161;684.0;;1;S;1.09;0.21;;;;;;;;;
HD 188015 b;http://exoplanet.eu/catalog/hd_188015_b/;1;2004;;;;;;;;;;;1.26;1.19;456.46;0.15;293;;;radial velocity
HD 75289 Ab B (HR3497);http://exoplanet.eu/catalog/hd_75289_b/;0;1999;G0V / ?;28.94;0.118;620.0;;1;S;1.05;0.14;HR3497 AB (r. dwarf);;;;;;;;
HD 75289 b;http://exoplanet.eu/catalog/hd_75289_b/;1;1999;;;;;;;;;;;0.47;0.046;3.5098;0.021;136.3;1.03;;radial velocity
HD 99492 / 83Leonis AB bc;http://exoplanet.eu/catalog/hd_99492_b/;0;2005-2010;G6-K0IV / K2V;18.00;0.454;515.0;;2;S;1.0;0.83;;;;;;;;;
HD 99492 / 83 Leonis b;http://exoplanet.eu/catalog/hd_99492_b/;1;2005;;;;;;;;;;;0.087;0.122;17.1668;0.13;;0.357;;radial velocity
HD 99492 / 83 Leonis c;http://exoplanet.eu/catalog/hd_99492_c/;1;2010;;;;;;;;;;;0.359;5.4;13.1;0.1;;0.804;;radial velocity
NGTS-3Ab B;http://exoplanet.eu/catalog/ngts-3a_b/;0;2018;G6V / K1V;1010.00;0.464;500.0;;1;S;1.017;0.88;a_bin > 500 AU;;;;;;;;
NGTS-3Ab B;http://exoplanet.eu/catalog/ngts-3a_b/;1;2018;;;;;;;;;;;2.380;0.023;1.675;0.0;;1.480;89.560;transit
HD 4732 Abc B;http://exoplanet.eu/catalog/hd_4732_a_b/;0;2013-2019;K0iV / ?;56.50;0.234;495.0;;2;S;1.74;0.53;;;;;;;;;
HD 4732 b;http://exoplanet.eu/catalog/hd_4732_a_b/;1;2013;;;;;;;;;;;2.370;1.190;360.200;0.13;85.00;;;radial velocity
HD 4732 c;http://exoplanet.eu/catalog/hd_4732_a_c/;1;2013;;;;;;;;;;;2.370;4.60;2732.0;0.23;118.00;;;radial velocity
WASP-145 Ab B;http://exoplanet.eu/catalog/wasp-145_a_b/;0;2019;K2V / ?;93.00;;470.0;;1;S ;0.76;;;;;;;;;;
WASP-145 b;http://exoplanet.eu/catalog/wasp-145_a_b/;1;2019;;;;;;;;;;;0.890;0.026;;0.0;;0.900;83.300;transit
Kepler-132  Ab Bcde;http://exoplanet.eu/catalog/kepler-132_b/;0;2014;G2 / G?;500.00;;450.0;;4;S;;;The position of the third and fourth planet is unclear;;;;;;;;
Kepler-132 b;http://exoplanet.eu/catalog/kepler-132_b/;1;2014;;;;;;;;;;;;0.067;6.178;;;0.108;;transit
Kepler-132 c;http://exoplanet.eu/catalog/kepler-132_c/;1;2014;;;;;;;;;;;;0.068;6.415;;;1.18;;transit
Kepler-132 d;http://exoplanet.eu/catalog/kepler-132_d/;1;2014;;;;;;;;;;;;0.136;18.01;;;0.138;;transit
Kepler-132 e;http://exoplanet.eu/catalog/kepler-132_e/;1;2016;;;;;;;;;;;;;110.29;;;0.105;;transit
HD 180617 Ab B(VB 10) / GJ 752;http://exoplanet.eu/catalog/gj_752_a_b/;0;2018;M2.5 V / M8V;5.91;0.148;444.0;;1;S;0.45;0.078;;;;;;;;;
HD 180617 b;http://exoplanet.eu/catalog/gj_752_a_b/;1;2018;;;;;;;;;;;0.038;0.336;105.90;0.160;269.00;;;radial velocity
HD 109749 Ab B;http://exoplanet.eu/catalog/hd_109749_b/;0;2005;G3VI / ?;59.00;0.415;490.0;;1;S;1.1;0.78;;;;;;;;;
HD 109749 b;http://exoplanet.eu/catalog/hd_109749_b/;1;2005;;;;;;;;;;;0.28;0.0635;5.24;0.0451;72.3;;;radial velocity
Kepler-450 Ab B / KOI-279;http://exoplanet.eu/catalog/kepler-450_b/;0;2015;? / ?;462.00;0.332;417.0;;3;S;1.35;0.67;;;;;;;;;
Kepler-450 b;http://exoplanet.eu/catalog/kepler-450_b/;1;2015;;;;;;;;;;;;0.2010;28.4549;0.020;;0.5480;;transit
Kepler-450 c;http://exoplanet.eu/catalog/kepler-450_c/;1;2015;;;;;;;;;;;;0.1340;15.4131;0.020;;0.2340;;transit
Kepler-450 d;http://exoplanet.eu/catalog/kepler-450_d/;1;2015;;;;;;;;;;;;0.0830;7.5146;0.140;;0.0750;;transit
GJ 414 Ab B / HD97101;http://exoplanet.eu/catalog/gj_414_a_b/;0;2020;K7V / M2V ;11.89;0.454;408.0;;2;S;0.65;0.54;;;;;;;;;
GJ 414 b;http://exoplanet.eu/catalog/gj_414_a_b/;1;2020;;;;;;;;;;;0.02762;0.240;50.82;0.48;132.0;0.2632;;radial velocity
GJ 414 c;http://exoplanet.eu/catalog/gj_414_a_c/;1;2020;;;;;;;;;;;0.17705;1.43;748.30;0.093;91.0;0.7833;;radial velocity
HD 23472 Abc B;http://exoplanet.eu/catalog/hd_23472_b/;0;2018-2021;K3.5V / M6;39.10;0.157;374.0;;3;S;0.75;0.14;Fontanive. C. & Bardalez Gagliuffi. D. 2021 FrASS;;;;;;;;
HD 23472 b;http://exoplanet.eu/catalog/hd_23472_b/;1;2018;;;;;;;;;;;0.05638;0.1210;17.667;0.00;;0.1670;;transit
HD 23472 c;http://exoplanet.eu/catalog/hd_23472_c/;1;2018;;;;;;;;;;;0.05405;0.1700;29.625;0.00;;0.1917;;transit
NGTS-10 Ab B;http://exoplanet.eu/catalog/ngts-10_b/;0;2021;K5V / ?;325.00;0.481;364.0;;1;S;0.70;0.67;;;;;;;;;
NGTS-10 b;http://exoplanet.eu/catalog/ngts-10_b/;1;2021;;;;;;;;;;;2.162;0.0143;0.7669;0.00;;1.205;79.0;transit
HD 133131 Abc Bb;http://www.openexoplanetcatalogue.com/planet/HD%20133131%20A%20b/;0;2016;G2V / G2;47.00;0.495;360.0;;3;S;0.95;0.93;system with planets on both stars;;;;;;;;
HD 133131 Ab;http://exoplanet.eu/catalog/hd_133131_a_b/;1;2016;;;;;;;;;;;1.43;1.4400;649.0;0.32;;;;radial velocity
HD 133131 Ac;http://exoplanet.eu/catalog/hd_133131_a_c/;1;2016;;;;;;;;;;;0.48;4.3600;3407.0;0.47;;;;radial velocity
HD 133131 Bb;http://exoplanet.eu/catalog/hd_133131_b_b/;1;2016;;;;;;;;;;;2.50;;6119.0;0.62;;;;radial velocity
TOI-732 b (LP 729-54 b);http://exoplanet.eu/catalog/ltt_3780_b/;0;2020;M4V / ?;21.98;0.253;354.0;;1;S;0.40;0.14;;;;;;;;;
TOI-732 b;http://exoplanet.eu/catalog/ltt_3780_b/;1;2020;;;;;;;;;;;0.00982;0.0120;0.7683881;0.064;251;0.11883;85.9;transit
TOI-732 c;http://exoplanet.eu/catalog/ltt_3780_c/;1;2020;;;;;;;;;;;0.0267;0.0770;12.252048;0.115;250;0.2050;89.080;transit
HD 106515 A b;http://exoplanet.eu/catalog/hd_106515_a_b/;0;2011;G5 / G5;35.20;0.492;345.0;0.420;1;S;0.91;0.88;update Rica F. 2017;;;;;;;;
HD 106515 b;http://exoplanet.eu/catalog/hd_106515_a_b/;1;2011;;;;;;;;;;;9.61;4.59;3630.0;0.572;123.8;;;radial velocity
TOI-905 Ab B;http://exoplanet.eu/catalog/toi-905_b/;0;2019;K0 / ?;150.20;;342.0;;1;S;0.97;;;;;;;;;;
TOI-905 b;http://exoplanet.eu/catalog/toi-905_b/;1;2019;;;;;;;;;;;0.667;0.0467;3.7395;0.024;39.0;1.171;85.68;transit
Kepler-108 Ab B;http://exoplanet.eu/catalog/kepler-108_b/;0;2014;? / ?;;0.425;327.0;;2;S;1.30;0.96;;;;;;;;;
Kepler-108 b;http://exoplanet.eu/catalog/kepler-108_b/;1;2014;;;;;;;;;;;;0.292;49.18;0.220;;0.8529;;transit
Kepler-108 c;http://exoplanet.eu/catalog/kepler-108_c/;1;2014;;;;;;;;;;;;0.721;190.32;0.040;;0.7340;;transit
Kepler-1339 Ab B / KOI-2754;http://exoplanet.eu/catalog/kepler-1339_b/;0;2016-2020;? / ?;371.30;;292.0;;1;S;0.94;;;;;;;;;;
Kepler-1339 b;http://exoplanet.eu/catalog/kepler-1339_b/;1;2016;;;;;;;;;;;;;1.3416;;;0.0630;;transit
HD 102365 Ab B / ;http://exoplanet.eu/catalog/hd_102365_a_b/;0;2011;G2V / M4V;9.24;;222.0;;1;S;0.85;;;;;;;;;;
HD 102365 b;http://exoplanet.eu/catalog/hd_102365_a_b/;1;2011;;;;;;;;;;;0.05;0.460;122.1;0.340;105.0;;;radial velocity
HD 46375 Ab B;http://exoplanet.eu/catalog/hd_46375_b/;0;2000;K1IV / K9.5-M1.5;33.40;0.389;;;1;S;0.91;0.58;;;;;;;;;
HD 46375 b;http://exoplanet.eu/catalog/hd_46375_b/;1;2000;;;;;;;;;;;0.249;0.041;3.024;0.0524;113.7;1.02;;radial velocity
WASP-77 Ab B;http://exoplanet.eu/catalog/wasp-77a_b/;0;2012;G8 V / K5 V;93.00;0.415;306.0;;1;S;1.00;0.71;;;;;;;;;
WASP-77 b;http://exoplanet.eu/catalog/wasp-77_a_b/;1;2012;;;;;;;;;;;1.76;0.024;1.36;;;1.21;89.4;transit
HD 109271 Abc B;http://exoplanet.eu/catalog/hd_109271_b/;0;2013;G5V / ?;56.00;0.364;304.0;;2;S;1.05;0.60;;;;;;;;;
HD 109271 b;http://exoplanet.eu/catalog/hd_109271_b/;1;2013;;;;;;;;;;;0.054;0.079;7.8543;0.250;296.0;;;radial velocity
HD 109271 c;http://exoplanet.eu/catalog/hd_109271_c/;1;2013;;;;;;;;;;;0.076;0.196;30.93;0.150;4.0;;;radial velocity
KELT-2 Ab B;http://exoplanet.eu/catalog/kelt-2_a_b/;0;2012;F7 V / K;128.90;0.372;295.0;;1;S;1.32;0.78;;;;;;;;;
KELT-2 b;http://exoplanet.eu/catalog/kelt-2a_b/#;1;2012;;;;;;;;;;;1.486;0.055;4.1138;0.185;160.0;1.306;;transit
HD 233832 Ab B;http://exoplanet.eu/catalog/hd_233832_b/;0;2018;K0V / ?;59.00;0.372;283.0;;1;S;0.71;0.42;;;;;;;;;
HD 233832 b;http://exoplanet.eu/catalog/hd_233832_b/;1;2018;;;;;;;;;;;2.720;4.438;4047.0;0.381;321.365;;;radial velocity
HD 114729 Ab B;http://exoplanet.eu/catalog/hd_114729_b/;0;2002;G3V / M;35.00;0.214;282.0;;1;S;0.93;0.253;secondary yellow dwarf;;;;;;;;
HD 114729 b;http://exoplanet.eu/catalog/hd_114729_b/;1;2002;;;;;;;;;;;0.84;2.08;1135;0.32;73.0;;;radial velocity
Kepler-1651 Ab B / KOI 1725;http://exoplanet.eu/catalog/kepler-1651_b/;0;2017;? / ?;69.40;;281.0;;1;S;0.52;;;;;;;;;;
Kepler-1651 b;http://exoplanet.eu/catalog/kepler-1651_b/;1;2017;;;;;;;;;;;;0.0619;9.8786;0.13;;0.164;85.94;transit
Kepler-14 Ab B;http://exoplanet.eu/catalog/kepler-14_b/;0;2011;F / ?;980.00;0.479;280.0;;1;S;1.51;1.39;;;;;;;;;
Kepler-14 b;http://exoplanet.eu/catalog/kepler-14_b/;1;2011;;;;;;;;;;;8.4;;6.7901;0.035;;1.136;90.0;transit
WASP-72 Ab B / CD-30 1019;http://exoplanet.eu/catalog/wasp-72_b/;0;2013;F7 / ?;434.80;0.323;278.0;;1;S;1.39;0.66;;;;;;;;;
WASP-72 b;http://exoplanet.eu/catalog/wasp-72_b/;1;2013;;;;;;;;;;;1.461;0.0371;2.2167;;;1.270;;transit
HD 86081 Ab B;http://exoplanet.eu/catalog/hd_86081_a_b/;0;2006-2017;F8V / ?;95.00;0.065;276.0;;1;S;1.21;0.08;;;;;;;;;
HD 86081 b;http://exoplanet.eu/catalog/hd_86081_a_b/;1;2006;;;;;;;;;;;1.5;0.039;1.9981;0.0575;332.6;1.08;;radial velocity
HIP 65 Ab B;http://exoplanet.eu/catalog/hip_65a_b/;0;2020;K4V / M;61.89;0.276;269.0;;1;S;0.78;0.30;;;;;;;;;
HIP 65 b;http://exoplanet.eu/catalog/hip_65a_b/;1;2020;;;;;;;;;;;3.213;0.01782;0.9810;0.000;;2.030;77.2;transit
HR 858 Abcd B / HD 17926;http://exoplanet.eu/catalog/hr_858_b/;0;2019;F / M;32.00;;269.0;;3;S;1.15;;;;;;;;;;
HR 858 b;http://exoplanet.eu/catalog/hr_858_b/;1;2019;;;;;;;;;;;;0.048;3.5860;0.3;;0.1860;85.5;transit
HR 858 c;http://exoplanet.eu/catalog/hr_858_c/;1;2019;;;;;;;;;;;;;;;;;;
HR 858 d;http://exoplanet.eu/catalog/hr_858_d/;1;2019;;;;;;;;;;;;;;;;;;
HD 1666 Ab B;http://exoplanet.eu/catalog/hd_1666_b/;0;2015;F7V / ;118.30;0.194;249.0;;1;S;1.50;0.36;;;;;;;;;
HD 1666 b;http://exoplanet.eu/catalog/hd_1666_b/;1;2015;;;;;;;;;;;6.430;0.94;270.0;0.630;295.0;;;radial velocity
HD 28254 Ab B;http://exoplanet.eu/catalog/hd_28254_a_b/;0;2009-2014;G1IV-V / ;56.20;;242.0;;1;S;1.06;;;;;;;;;;
HD 28254 b;http://exoplanet.eu/catalog/hd_28254_a_b/;1;2009;;;;;;;;;;;1.160;2.15;1116.0;0.81;301.0;;;radial velocity
HD 27442 Ab B (e Reticuli);http://exoplanet.eu/catalog/hd_27442_b/;0;2000;K2IVa / ?;18.10;0.385;240.0;;1;S;1.2;0.75;white dwarf;;;;;;;;
HD 27442 b;http://exoplanet.eu/catalog/hd_27442_b/;1;2000;;;;;;;;;;;1.35;1.16;415.2;0.058;347;;;radial velocity
HD 39855 Ab B;http://exoplanet.eu/catalog/hd_39855_b/;0;2019;G8V / ?;23.28;0.393;233.0;;1;S;0.82;0.53;;;;;;;;;
HD 39855 b;http://exoplanet.eu/catalog/hd_39855_b/;1;2019;;;;;;;;;;;0.0267;0.041;3.2498;0.14;102.97;;;radial velocity
TrES-2 Ab B;http://exoplanet.eu/catalog/tres-2_b/;0;2006;G0 / K;220.00;0.342;232.0;;1;S;0.98;0.509;;;;;;;;;
TrES-2 b;http://exoplanet.eu/catalog/tres-2_b/;1;2006;;;;;;;;;;;1.253;0.0356;2.4706;0.0;;1.189;83.908;transit
HD 212301 Ab B;http://exoplanet.eu/catalog/hd_212301_b/;0;2005;F8V / M3V;52.70;0.216;230.0;;1;S;1.27;0.35;;;;;;;;;
HD 212301 b;http://exoplanet.eu/catalog/hd_212301_b/;1;2005;;;;;;;;;;;0.4;0.036;2.2457;0.0147;172.8;1.07;;radial velocity
HD 238090 Ab B / GJ 458;http://exoplanet.eu/catalog/hd_238090_b/;0;2020;M0V / M3V;15.24;0.285;224.0;;1;S;0.578;0.23;;;;;;;;;
HD 238090 b;http://exoplanet.eu/catalog/hd_238090_b/;1;2020;;;;;;;;;;;0.0217;0.0932;13.671;0.3;119.3;;;radial velocity
HD 16141 Ab B;http://exoplanet.eu/catalog/hd_16141_b/;0;2000;G5IV / M2-3V;35.90;0.221;220.0;;1;S;1.01;0.286;;;;;;;;;
HD 16141 b;http://exoplanet.eu/catalog/hd_16141_b/;1;2000;;;;;;;;;;;0.215;0.35;75.82;0.28;41.0;;;radial velocity
DS Tuc Ab B / HD222259;http://exoplanet.eu/catalog/ds_tuc_a_b/;0;2019;G6V / K3V;44.12;0.454;220.0;;1;S;1.01;0.84;;;;;;;;;
DS Tuc b;http://exoplanet.eu/catalog/ds_tuc_a_b/;1;2019;;;;;;;;;;;0.088;0.0795;8.1383;;;0.5085;89.5;transit
HD 189733 Ab B;http://exoplanet.eu/catalog/hd_189733_b/;0;2005;K0 / M4V;19.30;0.200;216.0;;1;S;0.8;0.2;geometric albedo 0.4;;;;;;;;
HD 189733 b;http://exoplanet.eu/catalog/hd_189733_b/;1;2005;;;;;;;;;;;1.142;0.0314;2.2186;0.0041;90.0;1.1380;85.510;transit
Kepler-410 Ab B;http://exoplanet.eu/catalog/kepler-410a_b/;0;2013;? / ?;132.00;;211.0;;1;S;1.21;;;;;;;;;;
Kepler-410 b;http://exoplanet.eu/catalog/kepler-410a_b/;1;2013;;;;;;;;;;;;0.1236;17.8336;0.17;270;0.253;87.72;transit
WASP-85 Ab B;http://exoplanet.eu/catalog/wasp-85_a_b/;0;2014;G5 / K0;128.00;0.447;205.0;;1;S;1.09;0.88;;;;;;;;;
WASP-85 b;http://exoplanet.eu/catalog/wasp-85_a_b/;1;2014;;;;;;;;;;;1.265;0.039;2.6557;0.0;;1.24;89.69;transit
WASP-122 Ab B / Kelt 14;http://exoplanet.eu/catalog/wasp-122_b/;0;2015;G4 / ?;250.10;0.157;209.3;;1;S;1.24;0.23;;;;;;;;;
WASP-122 b;http://exoplanet.eu/catalog/wasp-122_b/;1;2015;;;;;;;;;;;1.401;1.372;1.7101;0.0;;1.792;78.35;transit
Kepler-1319 Ab B / KOI 2705;http://exoplanet.eu/catalog/kepler-1319_b/;0;2016;? / ?;114.00;0.233;205.0;;1;S;0.56;0.17;;;;;;;;;
Kepler-1319 b;http://exoplanet.eu/catalog/kepler-1319_b/;1;2016;;;;;;;;;;;;;2.8868;0.33;;0.12;;transit
HD 202772 Ab B;http://exoplanet.eu/catalog/hd_202772_a_b/;0;2018;F8 / ?;147.20;0.417;191.4;;1;S;1.69;1.21;;;;;;;;;
HD 202772 b;http://exoplanet.eu/catalog/hd_202772_a_b/;1;2018;;;;;;;;;;;1.008;0.0519;3.3090;0.047;88.0;1.562;84.2;transit
HD 93148 Ab B / Kelt 24 / Mascara-3;http://exoplanet.eu/catalog/mascara-3_b/;0;2019;F5 / ?;90.25;;186.0;;1;S;1.46;;;;;;;;;;
HD 93148 b;http://exoplanet.eu/catalog/mascara-3_b/;1;2019;;;;;;;;;;;5.18;0.06971;5.5515;0.085;41.0;1.272;89.16;transit
HD 116029 Abc B;http://exoplanet.eu/catalog/hd_116029_a_b/;0;2010-2011;K1III / M;123.20;0.141;171.0;;2;S;1.58;0.26;;;;;;;;;
HD 116029 b;http://exoplanet.eu/catalog/hd_116029_a_b/;1;2011;;;;;;;;;;;2.1;1.73;670.2;0.21;360.0;;;radial velocity
HD 116029 c;http://exoplanet.eu/catalog/hd_116029_a_c/;1;2010;;;;;;;;;;;1.27;;907.0;0.038;17.3;;;radial velocity
HD 98736 Ab B;http://exoplanet.eu/catalog/hd_98736_b/;0;2018;G5 / M;31.00;;158.0;;1;S;0.92;;;;;;;;;;
HD 98736 b;http://exoplanet.eu/catalog/hd_98736_b/;1;2018;;;;;;;;;;;2.33;1.864;968.8;0.226;162.0;;;radial velocity
HD 217786 Ab B;http://exoplanet.eu/catalog/hd_217786_b/;0;2010-2016;F8V / ;55.60;0.136;156.0;;1;S;1.02;0.16;2016 confirmed unknown companion;;;;;;;;
HD 217786 b;http://exoplanet.eu/catalog/hd_217786_b/;1;2010;;;;;;;;;;;13;2.38;1319.0;0.4;100.0;;;radial velocity
HD 195019 Ab B;http://exoplanet.eu/catalog/hd_195019_b/;0;1998;G3 IV-V / K3 ;37.36;0.397;153.0;;1;S;1.06;0.697;;;;;;;;;
HD 195019 b;http://exoplanet.eu/catalog/hd_195019_b/;1;1998;;;;;;;;;;;3.7;0.1388;18.2016;0.014;322.0;;;radial velocity
HD 142 Abc B;http://www.openexoplanetcatalogue.com/planet/HD%20142%20A%20b/;0;2001;G1IV / K5;20.60;0.330;138.0;;2;S;1.2;0.590;;;;;;;;;
HD 142 b;http://exoplanet.eu/catalog/hd_142_b/;1;2001;;;;;;;;;;;1.25;1.02;349.7;0.17;327.0;;;radial velocity
HD 142 c;http://exoplanet.eu/catalog/hd_142_c/;1;2012;;;;;;;;;;;5.3;6.8;6005;0.21;250.0;;;radial velocity
HD 114762 Ab B;http://exoplanet.eu/catalog/hd_114762_b/;0;1989;F9V / M9 (L1);39.46;0.141;132.0;;1;S;0.84;0.138;;;;;;;;;
HD 114762 b;http://exoplanet.eu/catalog/hd_114762_b/;1;1989;;;;;;;;;;;10.98;0.353;83.9151;0.3354;201.28;;;radial velocity
HD 195019 Ab B;http://exoplanet.eu/catalog/hd_195019_b/;0;1998;G3IV-V / ?;37.36;0.398;131.0;;1;S;1.06;0.7;;;;;;;;;
HD 195019 b;http://exoplanet.eu/catalog/hd_195019_b/;1;1998;;;;;;;;;;;3.7;0.1388;18.2016;0.014;322.0;;;radial velocity
HD 5278 Ab B / TOI-130;http://exoplanet.eu/catalog/hd_5278_b/;0;2021;? / ?;56.12;0.210;123.0;;2;S;1.126;0.30;;;;;;;;;
HD 5278 b;http://exoplanet.eu/catalog/hd_5278_b/;1;2021;;;;;;;;;;;0.0245;0.12;14.33902;0.08;134.5;0.2186;89.27;transit
HD 5278 c;http://exoplanet.eu/catalog/hd_5278_c/;1;2021;;;;;;;;;;;;0.2416;40.87;0.07;8.0;;;radial velocity
HD 197037 Ab B;http://exoplanet.eu/catalog/hd_197037_a_b/;0;2012;F7V / M;33.00;0.235;122.0;;1;S;1.11;0.34;;;;;;;;;
HD 197037 b;http://exoplanet.eu/catalog/hd_197037_a_b/;1;2012;;;;;;;;;;;0.79;2.07;1035.7;0.22;298.0;;;radial velocity
HIP 68648 Ab B / HD 122194;http://exoplanet.eu/catalog/hip_68468_b/;0;2016;G3V / G3;99.90;0.255;114.0;;2;S;1.05;0.36;;;;;;;;;
HIP 68648 b;http://exoplanet.eu/catalog/hip_68468_b/;1;2016;;;;;;;;;;;0.011;0.029743;1.8372;0.41;;;;radial velocity
HIP 68648 c;http://exoplanet.eu/catalog/hip_68468_c/;1;2016;;;;;;;;;;;0.094;0.665;194.0;0.04;;;;radial velocity
GJ 338 A Bb;http://exoplanet.eu/catalog/hd_79211_b/;0;2020;M0V / M0V;6.33;0.498;109.0;;1;S;0.591;0.596;;;;;;;;;
HD 79211 b (GJ 338 Bb);http://exoplanet.eu/catalog/hd_79211_b/;1;2020;;;;;;;;;;;0.03231;0.1410;24.4500;0.110;204.3;;;radial velocity
WASP-130 Ab B;http://exoplanet.eu/catalog/wasp-130_b/;0;2016;G6 / ?;180.00;0.224;108.0;;1;S;1.04;0.30;;;;;;;;;
WASP-130 Ab B;http://exoplanet.eu/catalog/wasp-130_b/;1;2016;;;;;;;;;;;1.23;0.1012;11.55098;0.0;;0.89;88.66;transit
WASP-2 Ab B;http://exoplanet.eu/catalog/wasp-2_b/;0;2006;K1V / M0;144.00;0.350;106.0;;1;S;0.89;0.48;;;;;;;;;
WASP-2 b;http://exoplanet.eu/catalog/wasp-2_b/;1;2006;;;;;;;;;;;0.847;0.0314;2.1522;0.0;;1.079;84.73;transit
HD 19994 Ab B   (GJ 128. 94 Ceti);http://exoplanet.eu/catalog/hd_19994_b/;0;2003;F8V / M3V;22.38;0.207;100.0;0.260;1;S;1.34;0.35;;;;;;;;;
HD 19994 b;http://exoplanet.eu/catalog/hd_19994_b/;1;2003;;;;;;;;;;;1.68;1.42;535.7;0.3;41.0;;;radial velocity
HD 177830 Abc B;http://exoplanet.eu/catalog/hd_177830_b/;0;1999 / 2010;K0IV / M2-5;97.00;0.137;97.0;;2;S;1.45;0.23;;;;;;;;;
HD 177830 b;http://exoplanet.eu/catalog/hd_177830_b/;1;1999;;;;;;;;;;;1.49;1.2218;406.6;0.001;85.0;;;radial velocity
HD 177830 c;http://exoplanet.eu/catalog/hd_177830_c/;1;2010;;;;;;;;;;;0.15;0.5137;110.9;0.35;110.0;;;radial velocity
HD 30856 Ab B;http://exoplanet.eu/catalog/hd_30856_a_b/;0;2011;K0III / ?;118.10;0.286;93.0;;1;S;1.35;0.54;;;;;;;;;
HD 30856 b;http://exoplanet.eu/catalog/hd_30856_a_b/;1;2011;;;;;;;;;;;1.80;2.0;912.0;0.24;;;;radial velocity
Gliese 15 AbcB;http://exoplanet.eu/catalog/gj_15a_b/;0;2014 / 2018;M2V / M3.5;3.60;0.283;93.0;0.530;2;S;0.38;0.15;update Pinamonti et al. 2018;;;;;;;;
Gliese 15 b;http://exoplanet.eu/catalog/gj_15a_b/;1;2014;;;;;;;;;;;0.017;0.072;11.44;0.27;;;;radial velocity
Gliese 15 c;http://exoplanet.eu/catalog/gj_15a_b/;1;2018;;;;;;;;;;;0.114;5.400;;;60.00;;;radial velocity
TOI-1634 Ab B;http://exoplanet.eu/catalog/toi-1634_b/;0;2021;M2 / ;35.27;0.207;88.0;;1;S;0.46;0.12;;;;;;;;;
TOI-1634 b;http://exoplanet.eu/catalog/toi-1634_b/;1;2021;;;;;;;;;;;0.01545;0.01545;0.98934;0.16;;0.1597;88.2;transit
Kepler 21 Ab B / HD 179070;http://exoplanet.eu/catalog/kepler-21_b/;0;2012;F6IV / ?;108.86;0.238;86.7;;1;S;1.41;0.44;;;;;;;;;
Kepler 21 b;http://exoplanet.eu/catalog/kepler-21_b/;1;2012;;;;;;;;;;;0.01598;0.042717;2.78578;0.02;-15.0;0.146;83.200;transit
Kepler-296 AB b-f;http://exoplanet.eu/catalog/kepler-296_b/;0;2014;K7V / M2V ;519.00;0.398;80.0;;5;S;0.5;0.33;;;;;;;;;
Kepler-296 b;http://exoplanet.eu/catalog/kepler-296_b/;1;2014;;;;;;;;;;;;0.039;3.621;;;0.084;;transit
Kepler-296 c;http://exoplanet.eu/catalog/kepler-296_c/;1;2014;;;;;;;;;;;;0.054;5.842;;;0.192;;transit
Kepler 296 d;http://exoplanet.eu/catalog/kepler-296_d/;1;2014;;;;;;;;;;;;0.122;19.85;;;0.203;;transit
Kepler-296 e;http://exoplanet.eu/catalog/kepler-296_e/;1;2014;;;;;;;;;;;;0.174;34.142;;;0.156;;transit
Kepler-296 f;http://exoplanet.eu/catalog/kepler-296_f/;1;2014;;;;;;;;;;;;0.263;63.336;;;0.16;;transit
GJ 3021 Ab B;http://exoplanet.eu/catalog/gj_3021_b/;0;2000;G6V / M4V;17.62;0.126;68.0;;1;S;0.9;0.13;;;;;;;;;
GJ 3021 b;http://exoplanet.eu/catalog/gj_3021_b/;1;2000;;;;;;;;;;;3.37;0.49;133.71;0.511;290.7;;;radial velocity
WASP-20 Ab B;http://exoplanet.eu/catalog/wasp-20_b/;0;2011;F9V / G;210.0;;60.0;;1;S;1.202;;confirmed 2016;;;;;;;;
WASP-20 b;http://exoplanet.eu/catalog/wasp-20_b/;1;2011;;;;;;;;;;;0.313;0.06;4.8996;0.0;;1.459;85.570;transit
K2-288 A Bb;https://iopscience.iop.org/article/10.3847/1538-3881/aafa70;0;2018;M2V / M3V;69.30;0.388;54.8;;1;S;0.52;0.33;;;;;;;;;
K2-288 b;http://exoplanet.eu/catalog/k2-288b_b/;1;2018;;;;;;;;;;;0.009;0.164;31.3900;;;0.152;89.81;transit
OGLE-2008-BLG-092L;http://exoplanet.eu/catalog/ogle-2008-blg-092l_b/;0;2014;? / ?;7000.0;0.171;54.0;;1;S;0.58;0.12;;;;;;;;;
OGLE-2008-BLG-092L;http://exoplanet.eu/catalog/ogle-2008-blg-092l_b/;1;2014;;;;;;;;;;;0.137;18.0;;;;;;microlensing
t Boot Ab B (HD120136);http://exoplanet.eu/catalog/tau_boo_b/;0;1996;F7V / M2;15.00;0.222;45.0;0.910;1;S;1.4;0.40;;;;;;;;;
t Boot b;http://exoplanet.eu/catalog/tau_boo_b/;1;1996;;;;;;;;;;;4.13;0.046;3.3135;0.0787;218.4;1.06;45.0;radial velocity
Kepler-449 Abc B / KOI 270;http://exoplanet.eu/catalog/kepler-449_b/;0;2015;? / ?;279.00;0.478;43.0;;2;S;0.84;0.77;;;;;;;;;
Kepler-449 b;http://exoplanet.eu/catalog/kepler-449_b/;1;2015;;;;;;;;;;;;0.105;12.5842;0.03;;0.183;;transit
Kepler-449 c;http://exoplanet.eu/catalog/kepler-449_c/;1;2015;;;;;;;;;;;;0.202;33.6727;0.05;;0.247;;transit
WASP-11 Ab B/HAT-P-10 b;http://exoplanet.eu/catalog/wasp-11-hat-p-10_b/;0;2008;K3V / ?;125.00;0.293;42.0;;1;S;0.82;0.34;;;;;;;;;
WASP-11 b / HAT-P-10 b;http://exoplanet.eu/catalog/wasp-11-hat-p-10_b/;1;2008;;;;;;;;;;;0.46;0.0439;3.722;0.0;;1.045;89.8;transit
K2-136 Ab-c/EPIC 247589423;http://exoplanet.eu/catalog/k2-136_b/;0;2017;K5V / M7-8V;59.40;0.119;40.0;0.000;3;S;0.74;0.10;in the Hyades Cluster ;;;;;;;;
K2-136 A b;http://exoplanet.eu/catalog/k2-136_b/;1;2017;;;;;;;;;;;;;7.975;0.1;;;89.3;transit
K2-136 A c;http://exoplanet.eu/catalog/k2-136_c/;1;2017;;;;;;;;;;;;;17.307;0.13;;;89.6;transit
K2-136 A d;http://exoplanet.eu/catalog/k2-136_d/;1;2017;;;;;;;;;;;;;25.575;0.14;;;89.4;transit
HIP 107773 Ab B / HD 207229;http://exoplanet.eu/catalog/hip_107773_b/;0;2015;K1III / ?;105.50;0.207;40.0;;1;S;2.42;0.63;;;;;;;;;
HIP 107773 b;http://exoplanet.eu/catalog/hip_107773_b/;1;2015;;;;;;;;;;;1.98;0.72;144.3;0.09;166.0;;;radial velocity
WASP-131 Ab B / HD 122173;http://exoplanet.eu/catalog/wasp-131_b/;0;2016-2020;G0 / ?;250.00;;37.8;;1;S;1.06;0.62;;;;;;;;;
WASP-131 b;http://exoplanet.eu/catalog/wasp-131_b/;1;2016;;;;;;;;;;;0.27;0.0607;5.32202;0.00;;1.22;85.0;transit
HD 164509;http://exoplanet.eu/catalog/HD 20164509_b/;0;2011;G5V / ?;52.00;;36.5;;1;S;1.13;0.42;;;;;;;;;
HD 164509 b;http://exoplanet.eu/catalog/HD%20164509_b/;1;2011;;;;;;;;;;;0.48;0.875;282.4;0.26;324.0;;;radial velocity
HD 41004 Ab B;http://exoplanet.eu/catalog/hd_41004_a_b/;0;2004;K1V / M2;42.50;;23.0;;1;S;0.7;0.4;system with planets on both stars;;;;;;;;
HD 41004 Ab;http://exoplanet.eu/catalog/hd_41004_a_b/;1;2004;;;;;;;;;;;2.54;1.64;963;0.39;97.0;;;radial velocity
HD 41004 Bb;http://exoplanet.eu/catalog/hd_41004_b_b/;1;2004;;;;;;;;;;;18.4;0.0177;1.3236;0.058;149.0;1.06;;radial velocity
HD 196885 Ab B;http://exoplanet.eu/catalog/hd_196885_a_b/;0;2007;F8V / ?;33.00;0.293;23.0;;1;S;1.33;0.55;;;;;;;;;
HD 196885 b;http://exoplanet.eu/catalog/hd_196885_a_b/;1;2007;;;;;;;;;;;2.98;2;1326;0.48;93.2;;;radial velocity
HD 4113 Ab CB;http://exoplanet.eu/catalog/hd_4113_b/;0;2007-2010;G5V / T9 / M0-1V;44.00;0.357;23.0;;2;S;0.99;0.55;we classified HD 4113 C as planet.;;;;;;;;
HD 4113 Ab;http://exoplanet.eu/catalog/hd_4113_b/;1;2007-2011;;;;;;;;;;;1.56;1.28;526.62;0.903;317.7;;;radial velocity
HD 4113 Ac(C) ;http://www.openexoplanetcatalogue.com/planet/HD%204113%20b/;1;2007-2012;;;;;;;;;;"a=20.3-27.1 au; p=31777-48943 d";63.00;23.7;40360.0;0.440;;;;radial velocity
HD 87646 Abc B;http://exoplanet.eu/catalog/hd_87646_a_b/;0;2016;G1IV / ;74.00;;22.0;;2;S;1.12;;;;;;;;;;
HD 87646 b;http://exoplanet.eu/catalog/hd_87646_a_b/;1;2016;;;;;;;;;;;12.40;0.117;13.481;0.05;;;;radial velocity
HD 87646 c;http://exoplanet.eu/catalog/hd_87646_a_c/;1;2016;;;;;;;;;;;57.00;1.58;674;0.5;;;;radial velocity
GJ 86 Ab B;http://exoplanet.eu/catalog/gl_86_b/;0;2000;K1V / DQ6;10.90;0.380;21.0;0.400;1;S;0.8;0.49;;;;;;;;;
GJ 86 b;http://exoplanet.eu/catalog/gj_86_b/;1;2000;;;;;;;;;;;4.01;0.11;15.766;0.046;266.0;;;radial velocity
g Cep Ab B;http://exoplanet.eu/catalog/gamma_cephei_b/;0;2003;K1III-IV / M4;13.79;0.213;20.3;0.360;1;S;1.18;0.32;;;;;;;;;
g Cephei b;http://exoplanet.eu/catalog/gamma_cephei_b/;1;2003;;;;;;;;;;;1.85;2.05;903.3;0.049;94.6;;5.7;radial velocity
HD 176071 A Bb;http://exoplanet.eu/catalog/hd_176051_b/;0;2010;F9V / K1V;14.99;0.415;19.1;0.267;1;S;1.07;0.76;;;;;;;;;
HD 176071 b;http://exoplanet.eu/catalog/hd_176051_b/;1;2010;;;;;;;;;;;1.50;1.76;1016.0;0.000;;;;astrometry
HD 7449 Ab B;http://exoplanet.eu/catalog/hd_7449_a_b/;0;2011;F8V / M4.5;39.00;0.173;18.0;;2;S;1.05;0.22;;;;;;;;;
HD 7449 b;http://exoplanet.eu/catalog/hd_7449_a_b/;1;2011;;;;;;;;;;;0.508;2.38;1255.5;0.920;69.9;;;radial velocity
HD 7449 c;http://exoplanet.eu/catalog/hd_7449_a_c/;1;2011;;;;;;;;;;;19.2;12.7;15441.0;0.000;50.0;;;radial velocity
HD 59686 Ab B;http://exoplanet.eu/catalog/hd_59686_a_b/;0;2003;K2III / ?;96.80;0.218;13.6;0.729;1;S;1.90;0.53;;;;;;;;;
HD 59686 b;http://exoplanet.eu/catalog/hd_59686_a_b/;1;2003;;;;;;;;;;;6.92;1.086;299.36;0.050;;;;radial velocity
OGLE-2013-BLG-0341 Bb;http://exoplanet.eu/catalog/ogle-2013-blg-0341l_b/;0;2014;? / ?;911.00;0.482;12.0;;1;S;0.113;0.121;;;;;;;;;
OGLE-2013-BLG-0341 b;http://exoplanet.eu/catalog/ogle-2013-blg-0341l_b/;1;2014;;;;;;;;;;;0.005;0.702;;;;;;microlensing
FW Tauri AB b;http://exoplanet.eu/catalog/fw_tau_b/;0;2013;M4 / M4;145.00;0.500;11.0;;1;P;0.28;0.28;;;;;;;;;
FW Tau b;http://exoplanet.eu/catalog/fw_tau_b/;1;2013;;;;;;;;;;;10.0;330.0;;;;;;imaging
HD 8673 Ab B;https://arxiv.org/pdf/1502.06630.pdf;0;2010;F7V / M2V;38.25;0.222;10.0;;1;S;1.40;0.40;;;;;;;;;
HD 8673 b ;http://exoplanet.eu/catalog/hd_8673_b/;1;2010;;;;;;;;;;;14.2;3.02;1634.0;0.723;323.4;;;radial velocity
Kepler-420 Ab B / KOI-1257;http://exoplanet.eu/catalog/kepler-420_a_b/;0;2014;G5V / K6V;900.00;0.414;5.3;;1;S;0.99;0.7;;;;;;;;;
Kepler-420 b;http://exoplanet.eu/catalog/kepler-420_a_b/;1;2014;;;;;;;;;;;1.45;0.382;86.648;0.772;141.3;0.94;89.66;transit
Kepler-693 Ab B;http://exoplanet.eu/catalog/kepler-693_b/;0;2016;K / ? ;1002.00;0.165;2.90;0.480;1;S;0.76;0.15;;;;;;;;;
Kepler-693 b;http://exoplanet.eu/catalog/kepler-693_b/;1;2016;;;;;;;;;;;0.232;0.112;15.376;0.140;;0.90;;transit
HD 42936;http://exoplanet.eu/catalog/hd_42936_b/;0;2019;KOV / L;48.90;0.084;1.22;0.594;1;S;0.87;0.08;closest binary with S-Type planet;;;;;;;;
HD 42936 b;https://arxiv.org/ftp/arxiv/papers/1912/1912.10793.pdf;1;2019;;;;;;;;;;;0.00812;0.0662;6.6732;0.14;80.57;;;radial velocity
Kepler-34 AB b;http://exoplanet.eu/catalog/kepler-34_(ab)__b/;0;2012;G / ?;1499.00;0.493;0.2288;0.521;1;P;1.048;1.021;;;;;;;;;
Kepler-34 b;http://exoplanet.eu/catalog/kepler-34%28ab%29__b/;1;2012;;;;;;;;;;;0.22;1.0896;288.822;0.182;;0.764;90.355;transit
Kepler-16 AB b;http://exoplanet.eu/catalog/kepler-16_(ab)_b/;0;2011;K / ?;60.00;0.227;0.2243;0.159;1;P;0.6897;0.2026;;;;;;;;;
Kepler-16 b;http://exoplanet.eu/catalog/kepler-16_%28ab%29_b/;1;2011;;;;;;;;;;;0.333;0.7048;228.776;0.007;318.0;0.7538;90.032;transit
PSR B1620-26 / WD J1623-266 b;http://exoplanet.eu/catalog/psr_b1620-26_(ab)_b/;0;2003;Pulsar / DB;3800.00;0.308;0.2000;0.025;1;P;1.35;0.6;Pulsar+white dwarf;;;;;;;;
PSR B1620-26 b;http://exoplanet.eu/catalog/psr_b1620-26_b/;1;2003;;;;;;;;;;;2.5;23.0;36525.0;;;;;pulsar timing
Kepler-453 AB b;http://exoplanet.eu/catalog/kepler-453_(ab)_b/;0;2014;? / ?;;0.172;0.1848;;1;P;0.944;0.194;;;;;;;;;
Kepler-453 AB b;http://exoplanet.eu/catalog/kepler-453_(ab)_b/;1;2014;;;;;;;;;;;0.03;0.7903;240.503;;;0.55;89.434;transit
Kepler-35 AB b;http://exoplanet.eu/catalog/kepler-35_(ab)_b/;0;2012;G / ?;1645.00;0.477;0.1762;0.1420;1;P;0.888;0.809;;;;;;;;;
Kepler-35 b;http://exoplanet.eu/catalog/kepler-35%28ab%29_b/;1;2012;;;;;;;;;;;0.127;0.6035;131.458;0.042;;0.728;90.76;transit
Kepler-38 AB b;http://exoplanet.eu/catalog/kepler-38_(ab)_b/;0;2012;G4 V / ?;;0.208;0.1470;0.1030;1;P;0.949;0.249;;;;;;;;;
Kepler-38 b;http://exoplanet.eu/catalog/kepler-38_(ab)_b/;1;2012;;;;;;;;;;;0.38;0.4644;105.595;;;0.39;89.446;transit
Kepler-1647 AB b;http://exoplanet.eu/catalog/kepler-1647_(ab)_b/;0;2015;F8 / ?;1134.00;0.443;0.1276;0.1602;1;P;1.22;0.97;p_planet=1008d;;;;;;;;
Kepler-1647 b;http://exoplanet.eu/catalog/kepler-1647_(ab)_b/;1;2015;;;;;;;;;;;1.52;2.72;1107.59;0.058;155.05;1.52;90.09;transit
TOI-1338 AB b;https://www.abstractsonline.com/pp8/#!/8993/presentation/1818;0;2020;? / ?;399.00;0.214;0.1200;0.1600;1;P;1.10;0.30;TESS's first binary system;;;;;;;;
TOI-1338 b;http://exoplanet.eu/catalog/toi-1338/;1;2020;;;;;;;;;;;;0.4;95.0;;;0.62;;transit
Kepler-413 AB b;http://exoplanet.eu/catalog/kepler-413_(ab)_b/;0;2013;K and M dwarf;705.20;0.399;0.1015;;1;P;0.82;0.5432;Wobbly planet. inclination of the planet=4.073deg;;;;;;;;
Kepler-413 b;http://exoplanet.eu/catalog/kepler-413_(ab)_b/;1;2013;;;;;;;;;;;0.211;0.353;66.262;0.118;94.6;0.388;89.929;transit
Kepler-47 AB bc;http://www.openexoplanetcatalogue.com/planet/Kepler-47%20%28AB%29%20b/;0;2012;G / ?;;0.258;0.0836;0.0234;2;P;1.043;0.362;;;;;;;;;
Kepler-47 b;http://exoplanet.eu/catalog/kepler-47_(ab)_b/;1;2012;;;;;;;;;;;;0.2956;49.514;;;0.27;89.59;transit
Kepler-47 c;http://exoplanet.eu/catalog/kepler-47_(ab)_c/;1;2012;;;;;;;;;;;;1.0;303.148;;;0.41;89.826;transit
Kepler-47 d;http://exoplanet.eu/catalog/kepler-47_(ab)_d/;1;2013;;;;;;;;;;;0.05984;0.6992;187.350;0.024;352.00;0.6281;90.000;transit timing
OGLE-2007-BLG-349(AB) b;http://exoplanet.eu/catalog/ogle-2007-blg-349l_(ab)_b/;0;2016;M / M;2760.00;0.423;0.0800;;1;P;0.410;0.300;;;;;;;;;
OGLE-2007-BLG-349 b;http://exoplanet.eu/catalog/ogle-2007-blg-349l_(ab)_b/;1;2016;;;;;;;;;;;0.25;2.59;-;;;;;microlensing
RR Cae AB b;http://exoplanet.eu/catalog/rr_cae_(ab)_b/;0;2012;DAZ8 / dM4;11.00;0.293;0.0076;;1;P;0.44;0.182;;;;;;;;;
RR Cae b;http://exoplanet.eu/catalog/rr_cae_(ab)_b/;1;2012;;;;;;;;;;;4.2;5.3;4350.0;;;;;pulsar timing
NY Vir AB bc;http://exoplanet.eu/catalog/ny_vir_(ab)_b/;0;2011;sDb / M5;;0.233;0.0044;;2;P;0.46;0.14;;;;;;;;;
NY Vir b;http://exoplanet.eu/catalog/ny_vir_(ab)_b/;1;2011;;;;;;;;;;;2.78;3.39;2987.745;;;;;pulsar timing
NY Vir c;http://exoplanet.eu/catalog/ny_vir_(ab)_c/;1;2011;;;;;;;;;;;4.49;7.54;9861.75;;;;;pulsar timing
K2-22 / EPIC 201637175 Ab B;http://exoplanet.eu/catalog/k2-22_b/;0;2015;M0V / M4V;225.00;0.310;0.0043;;1;P;0.60;0.27;is a disintegrating planet orbiting the primary star of a binary ;;;;;;;;
K2-22 b;http://www.openexoplanetcatalogue.com/planet/EPIC%20201637175%20b/;1;2015;;;;;;;;;;;1.4;0.0088;0.3811;;;0.25;;transit
Kepler-451 b AB b / 2M 1938+4603 b;http://www.openexoplanetcatalogue.com/planet/2M%201938%2B4603%20b/;0;2015;sdBV / M;;0.200;0.0041;;1;P;0.48;0.12;;;;;;;;;
Kepler-451 b ;http://exoplanet.eu/catalog/2m_1938+46_b/;1;2015;;;;;;;;;;;1.9;0.92;416.0;;;;;timing
HU Aqr AB b;http://exoplanet.eu/catalog/hu_aqr_(ab)_c/;0;2011;WD / M;;0.185;0.0039;0.000;1;P;0.88;0.2;;;;;;;;;
HU Aqr b;http://exoplanet.eu/catalog/hu_aqr_(ab)_c/;1;2011;;;;;;;;;;;5.9;6.18;5646.0;0.29;351.0;;;pulsar timing
NN Ser AB bc;http://exoplanet.eu/catalog/nn_ser_(ab)_c/;0;2010;DAO1 / M4V;500.00;0.172;0.0039;;2;P;0.535;0.111;;;;;;;;;
NN Ser AB c;http://exoplanet.eu/catalog/nn_ser_(ab)_c/;1;2010;;;;;;;;;;;6.91;5.38;5660.0;0;;;;pulsar timing
NN Ser AB d;http://exoplanet.eu/catalog/nn_ser_(ab)_d/;1;2009;;;;;;;;;;;2.28;3.39;2830.0;0.2;74.0;;;pulsar timing
DP Leo AB b;http://exoplanet.eu/catalog/dp_leo_(ab)_b/;0;2009;DA / M5V;400.00;0.115;0.0027;0.000;1;P;0.69;0.090;p=1.4967h;;;;;;;;
DP Leo b;http://exoplanet.eu/catalog/dp_leo_(ab)_b/;1;2009;;;;;;;;;;;6.05;8.19;10230.0;0.39;282.0;;;pulsar timing
HAT-P-32 Ab B;http://exoplanet.eu/catalog/hat-p-32_b/;0;2011;G-F / ?;320.00;0.254;;;1;S;1.176;0.40;2nd star not visible;;;;;;;;
HAT-P-32 Ab;http://exoplanet.eu/catalog/hat-p-32_b/;1;2011;;;;;;;;;;;0.941;0.0344;2.15;0.163;52.0;2.037;88.7;transit
HAT-P-33 Ab B;http://exoplanet.eu/catalog/hat-p-33_b/;0;2011;F / ?;419.00;0.384;;;1;S;1.403;0.560;2nd star not visible;;;;;;;;
HAT-P-33 Ab;http://exoplanet.eu/catalog/hat-p-33_b/;1;2011;;;;;;;;;;;0.763;0.0503;3.4745;0.148;96.0;1.827;86.7;transit
SR 12 AB c;http://exoplanet.eu/catalog/sr_12_ab_c/;0;2011;K4-M2.5 / ?;125.00;;;;1;P;0.3;;;;;;;;;;
SR 12 AB c;http://exoplanet.eu/catalog/sr_12_ab_c/;1;2011;;;;;;;;;;;13.0;1083.0;;;;;;imaging
Ross 458(AB) c   (DT Vir AB);http://exoplanet.eu/catalog/ross_458_(ab)_c/;0;2010;M2V / M7V;114.00;0.111;;;1;P;0.6;0.075;;;;;;;;;
Ross 458 c ;http://exoplanet.eu/catalog/ross_458_(ab)_c/;1;2010;;;;;;;;;;;8.5;1168.0;;;;;;imaging
HD 106906 AB b;http://exoplanet.eu/catalog/hd_106906_(ab)_b/;0;2013;F5V / F5V;92.00;0.500;;;1;P;1.3;1.3;circumbinary disk. Bailey 2014. Lagrange 2016;;;;;;;;
HD 106906 AB b;http://exoplanet.eu/catalog/hd_106906_(ab)_b/;1;2013;;;;;;;;;;;11.0;650.0;;;;;;imaging
ROXs 42AB b;http://exoplanet.eu/catalog/roxs_42b_(ab)_b/;0;2013;MO D / ?;135.00;0.288;;;1;P;0.89;0.36;in a star-forming region;;;;;;;;
ROXs 42 b;http://exoplanet.eu/catalog/roxs_42b_(ab)_b/;1;2013;;;;;;;;;;;10.0;140.0;;;;;;imaging
